use `BD_marvel x DC`;
INSERT INTO Produtora(id_produtora, titulo, tipo, produtora) 
VALUES
(1, 'Ant-Man', 'Filme', 'MARVEL'),
(2, 'Ant-Man and the Wasp', 'Filme', 'MARVEL'),
(3, 'Aquaman', 'Filme', 'DC'),
(4, 'Avengers: Age of Ultron', 'Filme', 'MARVEL'),
(5, 'Avengers: Endgame', 'Filme', 'MARVEL'),
(6, 'Avengers: Infinity War', 'Filme', 'MARVEL'),
(7, 'Batman', 'Filme', 'DC'),
(8, 'Batman & Robin', 'Filme', 'DC'),
(9, 'Batman Begins', 'Filme', 'DC'),
(10, 'Batman Forever', 'Filme', 'DC'),
(11, 'Batman Returns', 'Filme', 'DC'),
(12, 'Batman v Superman: Dawn of Justice', 'Filme', 'DC'),
(13, 'Batman: The Movie', 'Filme', 'DC'),
(14, 'Birds of Prey', 'Filme', 'DC'),
(15, 'Black Panther', 'Filme', 'MARVEL'),
(16, 'Blade', 'Filme', 'MARVEL'),
(17, 'Blade II', 'Filme', 'MARVEL'),
(18, 'Blade: Trinity', 'Filme', 'MARVEL'),
(19, 'Captain America', 'Filme', 'MARVEL'),
(20, 'Captain America: Civil War', 'Filme', 'MARVEL'),
(21, 'Captain America: The First Avenger', 'Filme', 'MARVEL'),
(22, 'Captain America: The Winter Soldier', 'Filme', 'MARVEL'),
(23, 'Captain MARVEL', 'Filme', 'MARVEL'),
(24, 'Catwoman', 'Filme', 'DC'),
(25, 'Constantine', 'Filme', 'DC'),
(26, 'Daredevil', 'Filme', 'MARVEL'),
(27, 'Deadpool', 'Filme', 'MARVEL'),
(28, 'Deadpool 2', 'Filme', 'MARVEL'),
(29, 'Doctor Strange', 'Filme', 'MARVEL'),
(30, 'Elektra', 'Filme', 'MARVEL'),
(31, 'Fantastic Four', 'Filme', 'MARVEL'),
(32, 'Fantastic Four', 'Filme', 'MARVEL'),
(33, 'Fantastic Four: Rise of the Silver Surfer', 'Filme', 'MARVEL'),
(34, 'Ghost Rider', 'Filme', 'MARVEL'),
(35, 'Ghost Rider: Spirit of Vengeance', 'Filme', 'MARVEL'),
(36, 'Green Lantern', 'Filme', 'DC'),
(37, 'Guardians of the Galaxy', 'Filme', 'MARVEL'),
(38, 'Guardians of the Galaxy Vol. 2', 'Filme', 'MARVEL'),
(39, 'Howard the Duck', 'Filme', 'MARVEL'),
(40, 'Hulk', 'Filme', 'MARVEL'),
(41, 'Iron Man', 'Filme', 'MARVEL'),
(42, 'Iron Man 2', 'Filme', 'MARVEL'),
(43, 'Iron Man Three', 'Filme', 'MARVEL'),
(44, 'Joker', 'Filme', 'DC'),
(45, 'Jonah Hex', 'Filme', 'DC'),
(46, 'Justice League', 'Filme', 'DC'),
(47, 'Logan', 'Filme', 'MARVEL'),
(48, 'Man of Steel', 'Filme', 'DC'),
(49, 'Punisher: War Zone', 'Filme', 'MARVEL'),
(50, 'Shazam!', 'Filme', 'DC'),
(51, 'Spider-Man', 'Filme', 'MARVEL'),
(52, 'Spider-Man 2', 'Filme', 'MARVEL'),
(53, 'Spider-Man 3', 'Filme', 'MARVEL'),
(54, 'Spider-Man: Far from Home', 'Filme', 'MARVEL'),
(55, 'Spider-Man: Homecoming', 'Filme', 'MARVEL'),
(56, 'Steel', 'Filme', 'DC'),
(57, 'Suicide Squad', 'Filme', 'DC'),
(58, 'Supergirl', 'Filme', 'DC'),
(59, 'Superman', 'Filme', 'DC'),
(60, 'Superman and the Mole-Men', 'Filme', 'DC'),
(61, 'Superman II', 'Filme', 'DC'),
(62, 'Superman III', 'Filme', 'DC'),
(63, 'Superman IV: The Quest for Peace', 'Filme', 'DC'),
(64, 'Superman Returns', 'Filme', 'DC'),
(65, 'Swamp Thing', 'Filme', 'DC'),
(66, 'The Amazing Spider-Man', 'Filme', 'MARVEL'),
(67, 'The Amazing Spider-Man 2', 'Filme', 'MARVEL'),
(68, 'The Avengers', 'Filme', 'MARVEL'),
(69, 'The Dark Knight', 'Filme', 'DC'),
(70,'The Dark Knight Rises', 'Filme', 'DC'),
(71, 'The Incredible Hulk', 'Filme', 'MARVEL'),
(72, 'The New Mutants', 'Filme', 'MARVEL'),
(73, 'The Punisher', 'Filme', 'MARVEL'),
(74, 'The Return of Swamp Thing', 'Filme', 'DC'),
(75, 'The Wolverine', 'Filme', 'MARVEL'),
(76, 'Thor', 'Filme', 'MARVEL'),
(77, 'Thor: Ragnarok', 'Filme', 'MARVEL'),
(78, 'Thor: The Dark World', 'Filme', 'MARVEL'),
(79, 'Venom', 'Filme', 'MARVEL'),
(80, 'Watchmen', 'Filme', 'DC'),
(81, 'Wonder Woman', 'Filme', 'DC'),
(82, 'Wonder Woman 1984', 'Filme', 'DC'),
(83, 'X-Men', 'Filme', 'MARVEL'),
(84, 'X-Men Origins: Wolverine', 'Filme', 'MARVEL'),
(85, 'X-Men: Apocalypse', 'Filme', 'MARVEL'),
(86, 'X-Men: Dark Phoenix', 'Filme', 'MARVEL'),
(87, 'X-Men: Days of Future Past', 'Filme', 'MARVEL'),
(88, 'X-Men: The Last Stand', 'Filme', 'MARVEL'),
(89, 'X: First Class', 'Filme', 'MARVEL'),
(90, 'X2: X-Men United', 'Filme', 'MARVEL'),
(91, 'A era do apocalipse', 'Historia-Quadrinho', 'MARVEL'),
(92, 'X-Men: E de extinção', 'Historia-Quadrinho', 'MARVEL'),
(93, 'Quarteto fantástico', 'Historia-Quadrinho', 'MARVEL'),
(94, 'Crise de identidade', 'Historia-Quadrinho', 'DC'),
(95, 'Infinity gauntlet', 'Historia-Quadrinho', 'MARVEL'),
(96, 'O retorno de Barry Allen', 'Historia-Quadrinho', 'DC'),
(97, 'The long halloween', 'Historia-Quadrinho', 'DC'),
(98, 'A morte de Gwen Stacy', 'Historia-Quadrinho', 'MARVEL'),
(99, 'Lanterna verde: renascimento', 'Historia-Quadrinho', 'DC'),
(100, 'Liga da justiça: a era obsidiana', 'Historia-Quadrinho', 'DC'),
(101, 'Massacre mutante', 'Historia-Quadrinho', 'MARVEL'),
(102, 'Dangerous habits', 'Historia-Quadrinho', 'DC'),
(103, 'Guerras secretas', 'Historia-Quadrinho', 'MARVEL'),
(104, 'Batman r.i.p', 'Historia-Quadrinho', 'DC'),
(105, 'Homem-aranha: a morte de Jean deWolff', 'Historia-Quadrinho', 'MARVEL'),
(106, 'We3: instinto de sobrevivência', 'Historia-Quadrinho', 'DC'),
(107, 'Vingadores para sempre', 'Historia-Quadrinho', 'MARVEL'),
(108, 'A nova ordem mundial', 'Historia-Quadrinho', 'DC'),
(109, 'Homem-Aranha – a última caçada de Kraven', 'Historia-Quadrinho', 'MARVEL'),
(110, 'A saga das trevas eternas', 'Historia-Quadrinho', 'DC'),
(111, 'Guerra civil', 'Historia-Quadrinho', 'MARVEL'),
(112, 'X-men: dias de um futuro esquecido', 'Historia-Quadrinho', 'MARVEL'),
(113, 'A saga da fênix negra', 'Historia-Quadrinho', 'MARVEL'),
(114, 'Superman – o que aconteceu ao homem de aço?', 'Historia-Quadrinho', 'DC'),
(115, 'DC: a nova fronteira', 'Historia-Quadrinho', 'DC'),
(116, 'Lanterna Verde – a guerra dos anéis', 'Historia-Quadrinho', 'DC'),
(117, 'Reino do amanhã', 'Historia-Quadrinho', 'DC'),
(118, 'Crise nas infinitas terras', 'Historia-Quadrinho', 'DC'),
(119, 'All star superman', 'Historia-Quadrinho', 'DC'),
(120, 'Batman – a piada mortal', 'Historia-Quadrinho', 'DC'),
(121, 'Homem-Aranha: de volta ao lar', 'Historia-Quadrinho', 'MARVEL'),
(122, 'Soldado invernal', 'Historia-Quadrinho', 'MARVEL'),
(123, 'Vingadores: guerra kree/skrull', 'Historia-Quadrinho', 'MARVEL'),
(124, 'Arma x', 'Historia-Quadrinho', 'MARVEL'),
(125, 'Doom patrol', 'Historia-Quadrinho', 'DC'),
(126, 'Planetary', 'Historia-Quadrinho', 'DC'),
(127, 'Amor e morte', 'Historia-Quadrinho', 'MARVEL'),
(128, 'A morte do capitão américa', 'Historia-Quadrinho', 'MARVEL'),
(129, 'Flash', 'Historia-Quadrinho', 'DC'),
(130, 'Batman e Robin', 'Historia-Quadrinho', 'DC'),
(131, 'Mulher-Maravilha', 'Historia-Quadrinho', 'DC'),
(132, 'Batman: first tale of the demon', 'Historia-Quadrinho', 'DC'),
(133, 'MARVELs', 'Historia-Quadrinho', 'MARVEL'),
(134, 'Planet Hulk', 'Historia-Quadrinho', 'MARVEL'),
(135, 'Final crisis', 'Historia-Quadrinho', 'DC');

INSERT INTO Filmes(id_filme,titulo,genero,ano,tempo_de_execucao,diretor,artistas,lucro_bruto,id_produtora)
VALUES
(92, 'Ant-Man', 'Action, Adventure, Comedy', '2015-01-01', 117, 'Peyton Reed', 'Peyton Reed,Paul Rudd,Michael Douglas,Corey Stoll,Evangeline Lilly', 180200000, 1),
(93, 'Ant-Man and the Wasp', 'Action, Adventure, Comedy', '2018-01-01', 118, 'Peyton Reed', 'FALSE', 216650000, 2),
(94, 'Aquaman', 'Action, Adventure, Fantasy', '2018-01-01', 143, 'James Wan', 'Jason Momoa,Amber Heard,Willem Dafoe,Patrick Wilson', 335060000, 3),
(95, 'Avengers: Age of Ultron', 'Action, Adventure, Sci-Fi', '2015-01-01', 141, 'Joss Whedon', 'Joss Whedon,Robert Downey Jr.,Chris Evans,Mark Ruffalo,Chris Hemsworth', 459010000, 4),
(96, 'Avengers: Endgame', 'Action, Adventure, Drama', '2019-01-01', 181, 'Anthony Russo', 'Joe Russo,Robert Downey Jr.,Chris Evans,Mark Ruffalo,Chris Hemsworth', 858370000, 5),
(97, 'Avengers: Infinity War', 'Action, Adventure, Sci-Fi', '2018-01-01', 149, 'Anthony Russo', 'Joe Russo,Robert Downey Jr.,Chris Hemsworth,Mark Ruffalo,Chris Evans', 678820000, 6),
(98, 'Batman', 'Action, Adventure', '1989-01-01', 126, 'Tim Burton', 'Michael Keaton,Jack Nicholson,Kim Basinger,Robert Wuhl', 251190000, 7),
(99, 'Batman & Robin', 'Action, Sci-Fi', '1997-01-01', 125, 'Joel Schumacher', 'Arnold Schwarzenegger,George Clooney,Chris ODonnell,Uma Thurman', 107330000, 8),
(100, 'Batman Begins', 'Action, Adventure', '2005-01-01', 140, 'Christopher Nolan', 'Christian Bale,Michael Caine,Ken Watanabe,Liam Neeson', 206850000, 9),
(101, 'Batman Forever', 'Action, Adventure', '1995-01-01', 121, 'Joel Schumacher', 'Val Kilmer,Tommy Lee Jones,Jim Carrey,Nicole Kidman', 184030000, 10),
(102, 'Batman Returns', 'Action, Crime, Fantasy', '1992-01-01', 126, 'Tim Burton', 'Michael Keaton,Danny DeVito,Michelle Pfeiffer,Christopher Walken', 162830000, 11),
(103, 'Batman v Superman: Dawn of Justice', 'Action, Adventure, Sci-Fi', '2016-01-01', 152, 'Zack Snyder', 'Ben Affleck,Henry Cavill,Amy Adams,Jesse Eisenberg', 330360000, 12),
(104, 'Batman: The Movie', 'Adventure, Comedy, Crime', '1966-01-01', 105, 'Leslie H. Martinson', 'Adam West,Burt Ward,Lee Meriwether,Cesar Romero', 0, 13),
(105, 'Birds of Prey', 'Action, Adventure, Comedy', '2020-01-01', 109, 'Cathy Yan', 'Margot Robbie,Rosie Perez,Mary Elizabeth Winstead,Jurnee Smollett', 84160000, 14),
(106, 'Black Panther', 'Action, Adventure, Sci-Fi', '2018-01-01', 134, 'Ryan Coogler', 'Ryan Coogler,Chadwick Boseman,Michael B. Jordan,Lupita Nyongo,Danai Gurira', 700060000, 15),
(107, 'Blade', 'Action, Horror, Sci-Fi', '1998-01-01', 120, 'Stephen Norrington', 'Stephen Norrington,Wesley Snipes,Stephen Dorff,Kris Kristofferson,N''Bushe Wright', 70090000, 16),
(108, 'Blade II', 'Action, Fantasy, Horror', '2002-01-01', 117, 'Guillermo del Toro', 'Guillermo del Toro,Wesley Snipes,Kris Kristofferson,Ron Perlman,Leonor Varela', 82350000, 17),
(109, 'Blade: Trinity', 'Action, Adventure, Fantasy', '2004-01-01', 113, 'David S. Goyer', 'David S. Goyer,Wesley Snipes,Kris Kristofferson,Parker Posey,Ryan Reynolds', 52410000, 18),
(110, 'Captain America', 'Action, Adventure, Sci-Fi', '1944-01-01', 244, 'Elmer Clifton', 'Elmer Clifton,Dick Purcell,Lorna Gray,Lionel Atwill,Charles Trowbridge', 0, 19),
(111, 'Captain America: Civil War', 'Action, Adventure, Sci-Fi', '2016-01-01', 147, 'Anthony Russo', 'Joe Russo,Chris Evans,Robert Downey Jr.,Scarlett Johansson,Sebastian Stan', 408080000, 20),
(112, 'Captain America: The First Avenger', 'Action, Adventure, Sci-Fi', '2011-01-01', 124, 'Joe Johnston', 'Joe Johnston,Chris Evans,Hugo Weaving,Samuel L. Jackson,Hayley Atwell', 176650000, 21),
(113, 'Captain America: The Winter Soldier', 'Action, Adventure, Sci-Fi', '2014-01-01', 136, 'Anthony Russo', 'Joe Russo,Chris Evans,Samuel L. Jackson,Scarlett Johansson,Robert Redford', 259770000, 22),
(114, 'Captain Marvel', 'Action, Adventure, Sci-Fi', '2019-01-01', 123, 'Anna Boden', 'Anna Boden,Brie Larson,Samuel L. Jackson,Ben Mendelsohn,Jude Law', 426830000, 23),
(115, 'Catwoman', 'Action, Crime, Fantasy', '2004-01-01', 104, 'Pitof', 'Halle Berry,Sharon Stone,Benjamin Bratt,Lambert Wilson', 40200000, 24),
(25, 'Constantine', 'Action, Fantasy, Horror', '2005-01-01', 121, 'Francis Lawrence', 'Keanu Reeves,Rachel Weisz,Djimon Hounsou,Shia LaBeouf', 75980000, 25),
(26, 'Daredevil', 'Action, Crime', '2003-01-01', 103, 'Mark Steven Johnson', 'Mark Steven Johnson,Ben Affleck,Jennifer Garner,Colin Farrell,Michael Clarke Duncan', 102540000, 26),
(27, 'Deadpool', 'Action, Adventure, Comedy', '2016-01-01', 108, 'Tim Miller', 'Tim Miller,Ryan Reynolds,Morena Baccarin,T.J. Miller,Ed Skrein', 363070000, 27),
(28, 'Deadpool 2', 'Action, Adventure, Comedy', '2018-01-01', 119, 'David Leitch', 'David Leitch,Ryan Reynolds,Josh Brolin,Morena Baccarin,Julian Dennison', 324590000, 28),
(29, 'Doctor Strange', 'Action, Adventure, Fantasy', '2016-01-01', 115, 'Scott Derrickson', 'Scott Derrickson,Benedict Cumberbatch,Chiwetel Ejiofor,Rachel McAdams,Benedict Wong', 232640000, 29),
(30, 'Elektra', 'Action, Adventure, Crime', '2005-01-01', 97, 'Rob Bowman', 'Rob Bowman,Jennifer Garner,Goran Visnjic,Will Yun Lee,Kirsten Zien', 24410000, 30),
(31, 'Fantastic Four', 'Action, Adventure, Fantasy', '2005-01-01', 106, 'Tim Story', 'Tim Story,Ioan Gruffudd,Michael Chiklis,Chris Evans,Jessica Alba', 154700000, 31),
(32, 'Fantastic Four', 'Action, Adventure, Sci-Fi', '2015-01-01', 100, 'Josh Trank', 'Josh Trank,Miles Teller,Kate Mara,Michael B. Jordan,Jamie Bell', 56120000, 32),
(33, 'Fantastic Four: Rise of the Silver Surfer', 'Action, Adventure, Fantasy', '2007-01-01', 92, 'Tim Story', 'Tim Story,Ioan Gruffudd,Jessica Alba,Chris Evans,Michael Chiklis', 131920000, 33),
(34, 'Ghost Rider', 'Action, Fantasy, Thriller', '2007-01-01', 110, 'Mark Steven Johnson', 'Mark Steven Johnson,Nicolas Cage,Eva Mendes,Sam Elliott,Matt Long', 115800000, 34),
(35, 'Ghost Rider: Spirit of Vengeance', 'Action, Fantasy, Thriller', '2011-01-01', 96, 'Mark Neveldine', 'FALSE', 51770000, 35),
(36, 'Green Lantern', 'Action, Adventure, Sci-Fi', '2011-01-01', 114, 'Martin Campbell', 'Ryan Reynolds,Blake Lively,Peter Sarsgaard,Mark Strong', 116600000, 36),
(37, 'Guardians of the Galaxy', 'Action, Adventure, Comedy', '2014-01-01', 121, 'James Gunn', 'James Gunn,Chris Pratt,Vin Diesel,Bradley Cooper,Zoe Saldana', 333180000, 37),
(38, 'Guardians of the Galaxy Vol. 2', 'Action, Adventure, Comedy', '2017-01-01', 136, 'James Gunn', 'James Gunn,Chris Pratt,Zoe Saldana,Dave Bautista,Vin Diesel', 389810000, 38),
(39, 'Howard the Duck', 'Action, Adventure, Comedy', '1986-01-01', 110, 'Willard Huyck', 'Willard Huyck,Lea Thompson,Jeffrey Jones,Tim Robbins,Ed Gale', 16300000, 39),
(40, 'Hulk', 'Action, Sci-Fi', '2003-01-01', 138, 'Ang Lee', 'Ang Lee,Eric Bana,Jennifer Connelly,Sam Elliott,Josh Lucas', 132180000, 40),
(41, 'Iron Man', 'Action, Adventure, Sci-Fi', '2008-01-01', 126, 'Jon Favreau', 'Jon Favreau,Robert Downey Jr.,Gwyneth Paltrow,Terrence Howard,Jeff Bridges', 318410000, 41),
(42, 'Iron Man 2', 'Action, Adventure, Sci-Fi', '2010-01-01', 124, 'Jon Favreau', 'Jon Favreau,Robert Downey Jr.,Mickey Rourke,Gwyneth Paltrow,Don Cheadle', 312430000, 42),
(43, 'Iron Man 3', 'Action, Adventure, Sci-Fi', '2013-01-01', 130, 'Shane Black', 'Shane Black,Robert Downey Jr.,Gwyneth Paltrow,Don Cheadle,Guy Pearce', 409010000, 43),
(44, 'Joker', 'Crime, Drama, Thriller', '2019-01-01', 122, 'Todd Phillips', 'Todd Phillips,Joaquin Phoenix,Robert De Niro,Zazie Beetz,Frances Conroy', 1074251311, 44),
(45, 'Jonah Hex', 'Action, Drama, Fantasy', '2010-01-01', 81, 'Jimmy Hayward', 'Jimmy Hayward,Josh Brolin,Megan Fox,John Malkovich,Michael Fassbender', 10540000, 45),
(46, 'Justice League', 'Action, Adventure, Fantasy', '2017-01-01', 120, 'Zack Snyder', 'Zack Snyder,Ben Affleck,Gal Gadot,Jason Momoa,Ezra Miller', 657924295, 46),
(47, 'Logan', 'Action, Drama, Sci-Fi', '2017-01-01', 137, 'James Mangold', 'James Mangold,Hugh Jackman,Patrick Stewart,Dafne Keen,Boyd Holbrook', 619021436, 47),
(48, 'Man of Steel', 'Action, Adventure, Sci-Fi', '2013-01-01', 143, 'Zack Snyder', 'Zack Snyder,Henry Cavill,Amy Adams,Michael Shannon,Diane Lane', 668045518, 48),
(49, 'Punisher: War Zone', 'Action, Crime, Drama', '2008-01-01', 103, 'Lexi Alexander', 'Lexi Alexander,Ray Stevenson,Dominic West,Julie Benz,Doug Hutchison', 80173387, 49),
(50, 'Shazam!', 'Action, Adventure, Comedy', '2019-01-01', 132, 'David F. Sandberg', 'David F. Sandberg,Zachary Levi,Mark Strong,Asher Angel,Jack Dylan Grazer', 365971656, 50),
(51, 'Spider-Man', 'Action, Adventure, Sci-Fi', '2002-01-01', 121, 'Sam Raimi', 'Sam Raimi,Tobey Maguire,Kirsten Dunst,Willem Dafoe,James Franco', 821708551, 51),
(52, 'Spider-Man 2', 'Action, Adventure, Sci-Fi', '2004-01-01', 127, 'Sam Raimi', 'Sam Raimi,Tobey Maguire,Kirsten Dunst,Alfred Molina,James Franco', 783766341, 52),
(53, 'Spider-Man 3', 'Action, Adventure, Sci-Fi', '2007-01-01', 139, 'Sam Raimi', 'Sam Raimi,Tobey Maguire,Kirsten Dunst,Topher Grace,Thomas Haden Church', 894983373, 53),
(54, 'Spider-Man: Far from Home', 'Action, Adventure, Sci-Fi', '2019-01-01', 129, 'Jon Watts', 'Jon Watts,Tom Holland,Samuel L. Jackson,Jake Gyllenhaal,Marisa Tomei', 1131927996, 54),
(55, 'Spider-Man: Homecoming', 'Action, Adventure, Sci-Fi', '2017-01-01', 133, 'Jon Watts', 'Jon Watts,Tom Holland,Michael Keaton,Robert Downey Jr.,Marisa Tomei', 880166924, 55),
(56, 'Steel', 'Action, Adventure, Crime', '1997-01-01', 97, 'Kenneth Johnson', 'Kenneth Johnson,Shaquille ONeal,Annabeth Gish,Judd Nelson,Richard Roundtree', 1823214, 56),
(57, 'Suicide Squad', 'Action, Adventure, Fantasy', '2016-01-01', 123, 'David Ayer', 'David Ayer,Will Smith,Jared Leto,Margot Robbie,Viola Davis', 746846894, 57),
(58, 'Supergirl', 'Action, Adventure, Fantasy', '1984-01-01', 124, 'Jeannot Szwarc', 'Jeannot Szwarc,Helen Slater,Faye Dunaway,Peter OToole,Mia Farrow', 14700113, 58),
(59, 'Superman', 'Action, Adventure, Drama', '1978-01-01', 143, 'Richard Donner', 'Richard Donner,Christopher Reeve,Margot Kidder,Gene Hackman,Marlon Brando', 300218018, 59),
(60, 'Superman and the Mole-Men', 'Action, Adventure, Drama', '1951-01-01', 58, 'Lee Sholem', 'Lee Sholem,George Reeves,Phyllis Coates,Jeff Corey,Walter Reed', 0, 60),
(61, 'Superman II', 'Action, Adventure, Sci-Fi', '1980-01-01', 127, 'Richard Lester', 'Richard Lester,Gene Hackman,Christopher Reeve,Margot Kidder,Ned Beatty', 190212738, 61),
(62, 'Superman III', 'Action, Adventure, Comedy', '1983-01-01', 125, 'Richard Lester', 'Richard Lester,Christopher Reeve,Richard Pryor,Margot Kidder,Jackie Cooper', 59884862, 62),
(63, 'Superman IV: The Quest for Peace', 'Action, Adventure, Sci-Fi', '1987-01-01', 90, 'Sidney J. Furie', 'Sidney J. Furie,Christopher Reeve,Gene Hackman,Margot Kidder,Jackie Cooper', 36205513, 63),
(64, 'Superman Returns', 'Action, Sci-Fi', '2006-01-01', 154, 'Bryan Singer', 'Bryan Singer,Brandon Routh,Kevin Spacey,Kate Bosworth,James Marsden', 391081192, 64),
(65, 'Swamp Thing', 'Horror, Sci-Fi', '1982-01-01', 91, 'Wes Craven', 'Wes Craven,Louis Jourdan,Adrienne Barbeau,Ray Wise,David Hess', 0, 65),
(66, 'The Amazing Spider-Man', 'Action, Adventure, Fantasy', '2012-01-01', 136, 'Marc Webb', 'Marc Webb,Andrew Garfield,Emma Stone,Rhys Ifans,Irrfan Khan', 757930663, 66),
(67, 'The Amazing Spider-Man 2', 'Action, Adventure, Fantasy', '2014-01-01', 142, 'Marc Webb', 'Marc Webb,Andrew Garfield,Emma Stone,Jamie Foxx,Paul Giamatti', 709975541, 67),
(68, 'The Avengers', 'Action, Adventure, Sci-Fi', '2012-01-01', 143, 'Joss Whedon', 'Joss Whedon,Robert Downey Jr.,Chris Evans,Scarlett Johansson,Jeremy Renner', 1518812988, 68),
(69, 'The Dark Knight', 'Action, Crime, Drama', '2008-01-01', 152, 'Christopher Nolan', 'Christopher Nolan,Christian Bale,Heath Ledger,Aaron Eckhart,Michael Caine', 1004558444, 69),
(70, 'The Dark Knight Rises', 'Action, Adventure', '2012-01-01', 164, 'Christopher Nolan', 'Christopher Nolan,Christian Bale,Tom Hardy,Anne Hathaway,Gary Oldman', 1081041287, 70),
(71, 'The Incredible Hulk', 'Action, Adventure, Sci-Fi', '2008-01-01', 112, 'Louis Leterrier', 'Louis Leterrier,Edward Norton,Liv Tyler,Tim Roth,William Hurt', 265573859, 71),
(72, 'The New Mutants', 'Action, Horror, Mystery', '2020-01-01', 94, 'Josh Boone', 'Josh Boone,Maisie Williams,Anya Taylor-Joy,Charlie Heaton,Alice Braga', 47795371, 72),
(73, 'The Punisher', 'Action, Crime, Drama', '2004-01-01', 124, 'Jonathan Hensleigh', 'Jonathan Hensleigh,Thomas Jane,John Travolta,Samantha Mathis,Laura Harring', 54204715, 73),
(74, 'The Return of Swamp Thing', 'Action, Adventure, Comedy', '1989-01-01', 88, 'Jim Wynorski', 'Jim Wynorski,Dick Durock,Heather Locklear,Louis Jourdan,Sarah Douglas', 19281616, 74),
(75, 'The Wolverine', 'Action, Sci-Fi', '2013-01-01', 126, 'James Mangold', 'James Mangold,Hugh Jackman,Will Yun Lee,Tao Okamoto,Rila Fukushima', 414828246, 75),
(76, 'Thor', 'Action, Adventure, Fantasy', '2011-01-01', 115, 'Kenneth Branagh', 'Kenneth Branagh,Chris Hemsworth,Anthony Hopkins,Natalie Portman,Tom Hiddleston', 449326618, 76),
(77, 'Thor: Ragnarok', 'Action, Adventure, Comedy', '2017-01-01', 130, 'Taika Waititi', 'Taika Waititi,Chris Hemsworth,Tom Hiddleston,Cate Blanchett,Mark Ruffalo', 853977126, 77),
(78, 'Thor: The Dark World', 'Action, Adventure, Fantasy', '2013-01-01', 112, 'Alan Taylor', 'Alan Taylor,Chris Hemsworth,Natalie Portman,Tom Hiddleston,Anthony Hopkins', 644571402, 78),
(79, 'Venom', 'Action, Adventure, Sci-Fi', '2018-01-01', 112, 'Ruben Fleischer', 'Ruben Fleischer,Tom Hardy,Michelle Williams,Riz Ahmed,Scott Haze', 856085151, 79),
(80, 'Watchmen', 'Action, Drama, Mystery', '2009-01-01', 162, 'Zack Snyder', 'Zack Snyder,Jackie Earle Haley,Patrick Wilson,Carla Gugino,Malin Akerman', 185258983, 80),
(81, 'Wonder Woman', 'Action, Adventure, Fantasy', '2017-01-01', 141, 'Patty Jenkins', 'Patty Jenkins,Gal Gadot,Chris Pine,Robin Wright,Lucy Davis', 821847012, 81),
(82, 'Wonder Woman 1984', 'Action, Adventure, Fantasy', '2020-01-01', 151, 'Patty Jenkins', 'Patty Jenkins,Gal Gadot,Chris Pine,Kristen Wiig,Pedro Pascal', 166527263, 82),
(83, 'X-Men', 'Action, Adventure, Sci-Fi', '2000-01-01', 104, 'Bryan Singer', 'Bryan Singer,Patrick Stewart,Hugh Jackman,Ian McKellen,Famke Janssen', 296339527, 83),
(84, 'X-Men Origins: Wolverine', 'Action, Sci-Fi', '2009-01-01', 107, 'Gavin Hood', 'Gavin Hood,Hugh Jackman,Liev Schreiber,Ryan Reynolds,Danny Huston', 373062864, 84),
(85, 'X-Men: Apocalypse', 'Action, Adventure, Sci-Fi', '2016-01-01', 144, 'Bryan Singer', 'Bryan Singer,James McAvoy,Michael Fassbender,Jennifer Lawrence,Nicholas Hoult', 543934787, 85),
(86, 'X-Men: Dark Phoenix', 'Action, Adventure, Sci-Fi', '2019-01-01', 113, 'Simon Kinberg', 'Simon Kinberg,James McAvoy,Michael Fassbender,Jennifer Lawrence,Nicholas Hoult', 252442974, 86),
(87, 'X-Men: Days of Future Past', 'Action, Adventure, Sci-Fi', '2014-01-01', 132, 'Bryan Singer', 'Bryan Singer,Patrick Stewart,Ian McKellen,Hugh Jackman,James McAvoy', 747862775, 87),
(88, 'X-Men: The Last Stand', 'Action, Adventure, Sci-Fi', '2006-01-01', 104, 'Brett Ratner', 'Brett Ratner,Patrick Stewart,Hugh Jackman,Halle Berry,Famke Janssen', 459359555, 88),
(89, 'X: First Class', 'Action, Adventure, Sci-Fi', '2011-01-01', 131, 'Matthew Vaughn', 'Matthew Vaughn,James McAvoy,Michael Fassbender,Jennifer Lawrence,Kevin Bacon', 353624124, 89),
(90, 'X2: X-Men United', 'Action, Sci-Fi, Thriller', '2003-01-01', 134, 'Bryan Singer', 'Bryan Singer,Patrick Stewart,Hugh Jackman,Halle Berry,Ian McKellen', 407711549, 90);

INSERT INTO HQ (id_hq, titulo, ano, genero, id_produtora) VALUES
(91, 'A era do apocalipse', '1996-01-01', 'Super-heróis', 91),
(92, 'X-Men: E de extinção', '2012-01-01', 'Super-heróis', 92),
(93, 'Quarteto fantástico', '2022-01-01', 'Super-heróis', 93),
(94, 'Crise de identidade', '2018-01-01', 'Super-heróis', 94),
(95, 'Infinity gauntlet', '2015-01-01', 'Super-heróis', 95),
(96, 'O retorno de Barry Allen', '2016-01-01', 'Super-heróis', 96),
(97, 'The long halloween', '2007-01-01', 'Super-heróis', 97),
(98, 'A morte de Gwen Stacy', '2008-01-01', 'Super-heróis', 98),
(99, 'Lanterna verde: renascimento', '2020-01-01', 'Super-heróis', 99),
(100, 'Liga da justiça: a era obsidiana', '2003-01-01', 'Super-heróis', 100),
(101, 'Massacre mutante', '2013-01-01', 'Super-heróis', 101),
(102, 'Dangerous habits', '2013-01-01', 'Terror', 102),
(103, 'Guerras secretas', '2016-01-01', 'Super-heróis', 103),
(104, 'Batman r.i.p', '2010-01-01', 'Super-heróis', 104),
(105, 'Homem-aranha: a morte de Jean deWolff', '2013-01-01', 'Super-heróis', 105),
(106, 'We3: instinto de sobrevivência', '2012-01-01', 'Super-heróis', 106),
(107, 'Vingadores para sempre', '2021-01-01', 'Super-heróis', 107),
(108, 'A nova ordem mundial', '2008-01-01', 'Super-heróis', 108),
(109, 'Homem-Aranha – a última caçada de Kraven', '1998-01-01', 'Super-heróis', 109),
(110, 'A saga das trevas eternas', '2008-01-01', 'Super-heróis', 110),
(111, 'Guerra civil', '2007-01-01', 'Super-heróis', 111),
(112, 'X-men: dias de um futuro esquecido', '2014-01-01', 'Super-heróis', 112),
(113, '“A saga da fênix negra”', '2023-01-01', 'Super-heróis', 113),
(114, 'Superman – o que aconteceu ao homem de aço?', '2019-01-01', 'Super-heróis', 114),
(115, 'DC: a nova fronteira', '2006-01-01', 'Super-heróis', 115),
(116, 'Lanterna Verde – a guerra dos anéis', '2014-01-01', 'Super-heróis', 116),
(117, 'Reino do amanhã', '2013-01-01', 'Super-heróis', 117),
(118, 'Crise nas infinitas terras', '2018-01-01', 'Super-heróis', 118),
(119, 'All star superman', '2015-01-01', 'Super-heróis', 119),
(120, 'Batman – a piada mortal', '2020-01-01', 'Super-heróis', 120),
(121, 'Homem-Aranha: de volta ao lar', '2017-01-01', 'Super-heróis', 121),
(122, 'Soldado invernal', '2016-01-01', 'Super heroi', 122),
(123, 'Vingadores: guerra kree/skrull', '2020-01-01', 'Super heroi', 123),
(124, 'Arma x', '2018-01-01', 'Super heroi', 124),
(125, 'Doom patrol', '1984-01-01', 'Super heroi', 125),
(126, 'Planetary', '2015-01-01', 'Super heroi', 126),
(127, 'Amor e morte', '2004-01-01', 'Super-heróis', 127),
(128, 'A morte do capitão américa', '1979-01-01', 'Super-heróis', 128),
(129, 'Flash', '2012-01-01', 'Super-heróis', 129),
(130, 'Batman e Robin', '2014-01-01', 'Super-heróis', 130),
(131, 'Mulher-Maravilha', '2017-01-01', 'Super-heróis', 131),
(132, 'Batman: first tale of the demon', '2020-01-01', 'Super-heróis', 132),
(133, 'Marvels', '2022-01-01', 'Super-heróis', 133),
(134, 'Planet Hulk', '2016-01-01', 'Super-heróis', 134),
(135, 'Final crisis', '2009-01-01', 'Super-heróis', 135);



INSERT INTO Notas (id_nota, titulo, estrela, total_votos, id_filme, id_hq)
VALUES
(1, 'Ant-Man', 7.3, 590834, 92, NULL),
(2, 'Ant-Man and the Wasp', 7, 329600, 93, NULL),
(3, 'Aquaman', 6.9, 400424, 94, NULL),
(4, 'Avengers: Age of Ultron', 7.3, 772476, 95, NULL),
(5, 'Avengers: Endgame', 8.4, 890937, 96, NULL),
(6, 'Avengers: Infinity War', 8.4, 888104, 97, NULL),
(7, 'Batman', 7.5, 344868, 98, NULL),
(8, 'Batman & Robin', 3.8, 237759, 99, NULL),
(9, 'Batman Begins', 8.2, 1338140, 100, NULL),
(10, 'Batman Forever', 5.4, 238230, 101, NULL),
(11, 'Batman Returns', 7, 279545, 102, NULL),
(12, 'Batman v Superman: Dawn of Justice', 6.4, 653270, 103, NULL),
(13, 'Batman: The Movie', 6.5, 30289, 104, NULL),
(14, 'Birds of Prey', 6.1, 186805, 105, NULL),
(15, 'Black Panther', 7.3, 655779, 106, NULL),
(16, 'Blade', 7.1, 251243, 107, NULL),
(17, 'Blade II', 6.7, 203813, 108, NULL),
(18, 'Blade: Trinity', 5.8, 168363, 109, NULL),
(19, 'Captain America', 5.5, 844, 110, NULL),
(20, 'Captain America: Civil War', 7.8, 689763, 111, NULL),
(21, 'Captain America: The First Avenger', 6.9, 764786, 112, NULL),
(22, 'Captain America: The Winter Soldier', 7.7, 759721, 113, NULL),
(23, 'Captain Marvel', 6.8, 473437, 114, NULL),
(24, 'Catwoman', 3.4, 112972, 115, NULL),
(25, 'Constantine', 7, 315617, 25, NULL),
(26, 'Daredevil', 5.3, 208847, 26, NULL),
(27, 'Deadpool', 8, 927737, 27, NULL),
(28, 'Deadpool 2', 7.7, 501971, 28, NULL),
(29, 'Doctor Strange', 7.5, 623361, 29, NULL),
(30, 'Elektra', 4.7, 88518, 30, NULL),
(31, 'Fantastic Four', 5.7, 315297, 31, NULL),
(32, 'Fantastic Four', 4.2, 155942, 32, NULL),
(33, 'Fantastic Four: Rise of the Silver Surfer', 5.6, 253897, 33, NULL),
(34, 'Ghost Rider', 5.3, 226797, 34, NULL),
(35, 'Ghost Rider: Spirit of Vengeance', 4.3, 112898, 35, NULL),
(36, 'Green Lantern', 5.5, 270939, 36, NULL),
(37, 'Guardians of the Galaxy', 8, 1069895, 37, NULL),
(38, 'Guardians of the Galaxy Vol. 2', 7.6, 592260, 38, NULL),
(39, 'Howard the Duck', 4.7, 44073, 39, NULL),
(40, 'Hulk', 5.6, 255002, 40, NULL),
(41, 'Iron Man', 7.9, 964114, 41, NULL),
(42, 'Iron Man 2', 7, 742416, 42, NULL),
(43, 'Iron Man Three', 7.1, 775425, 43, NULL),
(44, 'Joker', 8.4, 1014748, 44, NULL),
(45, 'Jonah Hex', 4.7, 56225, 45, NULL),
(46, 'Justice League', 6.1, 416837, 46, NULL),
(47, 'Logan', 8.1, 670710, 47, NULL),
(48, 'Man of Steel', 7, 718956, 48, NULL),
(49, 'Punisher: War Zone', 5.9, 60767, 49, NULL),
(50, 'Shazam!', 7, 279604, 50, NULL),
(51, 'Spider-Man', 7.3, 702986, 51, NULL),
(52, 'Spider-Man 2', 7.3, 556980, 52, NULL),
(53, 'Spider-Man 3', 6.2, 510723, 53, NULL),
(54, 'Spider-Man: Far from Home', 7.5, 353385, 54, NULL),
(55, 'Spider-Man: Homecoming', 7.4, 536012, 55, NULL),
(56, 'Steel', 2.9, 11519, 56, NULL),
(57, 'Suicide Squad', 5.9, 622206, 57, NULL),
(58, 'Supergirl', 4.4, 19361, 58, NULL),
(59, 'Superman', 7.3, 162395, 59, NULL),
(60, 'Superman and the Mole-Men', 5.7, 1828, 60, NULL),
(61, 'Superman II', 6.8, 100030, 61, NULL),
(62, 'Superman III', 5, 65340, 62, NULL),
(63, 'Superman IV: The Quest for Peace', 3.7, 44082, 63, NULL),
(64, 'Superman Returns', 6, 273696, 64, NULL),
(65, 'Swamp Thing', 5.4, 13328, 65, NULL),
(66, 'The Amazing Spider-Man', 6.9, 569274, 66, NULL),
(67, 'The Amazing Spider-Man 2', 6.6, 425691, 67, NULL),
(68, 'The Avengers', 8, 1286985, 68, NULL),
(69, 'The Dark Knight', 9, 2369304, 69, NULL),
(70, 'The Dark Knight Rises', 8.4, 1552223, 70, NULL),
(71, 'The Incredible Hulk', 6.7, 445822, 71, NULL),
(72, 'The New Mutants', 5.3, 59535, 72, NULL),
(73, 'The Punisher', 6.4, 151872, 73, NULL),
(74, 'The Return of Swamp Thing', 4.6, 4454, 74, NULL),
(75, 'The Wolverine', 6.7, 437712, 75, NULL),
(76, 'Thor', 7, 767687, 76, NULL),
(77, 'Thor: Ragnarok', 7.9, 620623, 77, NULL),
(78, 'Thor: The Dark World', 6.9, 614115, 78, NULL),
(79, 'Venom', 6.7, 383743, 79, NULL),
(80, 'Watchmen', 7.6, 518415, 80, NULL),
(81, 'Wonder Woman', 7.4, 596901, 81, NULL),
(82, 'Wonder Woman 1984', 5.4, 212554, 82, NULL),
(83, 'X-Men', 7.4, 580354, 83, NULL),
(84, 'X-Men Origins: Wolverine', 6.6, 475561, 84, NULL),
(85, 'X-Men: Apocalypse', 6.9, 402935, 85, NULL),
(86, 'X-Men: Dark Phoenix', 5.7, 164427, 86, NULL),
(87, 'X-Men: Days of Future Past', 7.9, 671146, 87, NULL),
(88, 'X-Men: The Last Stand', 6.7, 490269, 88, NULL),
(89, 'X: First Class', 7.7, 655399, 89, NULL),
(90, 'X2: X-Men United', 7.4, 519747, 90, NULL),
(91, 'A era do apocalipse', 8.7, 65, NULL, 91),
(92, 'X-Men: E de extinção', 9.1, 58, NULL, 92),
(93, 'Quarteto fantástico', 8.6, 9, NULL, 93),
(94, 'Crise de identidade', 9.2, 86, NULL, 94),
(95, 'Infinity gauntlet', 9, 1, NULL, 95),
(96, 'O retorno de Barry Allen', 8.6, 49, NULL, 96),
(97, 'The long halloween', 0, 0, NULL, 97),
(98, 'A morte de Gwen Stacy', 8.7, 17, NULL, 98),
(99, 'Lanterna verde: renascimento', 8.8, 31, NULL, 99),
(100, 'Liga da justiça: a era obsidiana', 8.5, 12, NULL, 100),
(101, 'Massacre mutante', 9.1, 65, NULL, 101),
(102, 'Dangerous habits', 0, 0, NULL, 102),
(103, 'Guerras secretas', 9.2, 17, NULL, 103),
(104, 'Batman r.i.p', 0, 0, NULL, 104),
(105, 'Homem-aranha: a morte de Jean deWolff', 9.2, 84, NULL, 105),
(106, 'We3: instinto de sobrevivência', 9.2, 116, NULL, 106),
(107, 'Vingadores para sempre', 9, 89, NULL, 107),
(108, 'A nova ordem mundial', 9.5, 24, NULL, 108),
(109, 'Homem-Aranha – a última caçada de Kraven', 9.8, 19, NULL, 109),
(110, 'A saga das trevas eternas', 8.8, 28, NULL, 110),
(111, 'Guerra civil', 8.1, 25, NULL, 111),
(112, 'X-men: dias de um futuro esquecido', 9.4, 95, NULL, 112),
(113, 'A saga da fênix negra', 10, 5, NULL, 113),
(114, 'Superman – o que aconteceu ao homem de aço?', 8.7, 37, NULL, 114),
(115, 'DC: a nova fronteira', 9.1, 62, NULL, 115),
(116, 'Lanterna Verde – a guerra dos anéis', 9, 99, NULL, 116),
(117, 'Reino do amanhã', 9.6, 388, NULL, 117),
(118, 'Crise nas infinitas terras', 9.5, 355, NULL, 118),
(119, 'All star superman', 10, 2, NULL, 119),
(120, 'Batman – a piada mortal', 9.2, 35, NULL, 120),
(121, 'Homem-Aranha: de volta ao lar', 7.6, 28, NULL, 121),
(122, 'Soldado invernal', 6.1, 24, NULL, 122),
(123, 'Vingadores: guerra kree/skrull', 8.8, 16, NULL, 123),
(124, 'Arma x', 9.1, 25, NULL, 124),
(125, 'Doom patrol', 9.2, 28, NULL, 125),
(126, 'Planetary', 8.4, 92, NULL, 126),
(127, 'Amor e morte', 9.5, 20, NULL, 127),
(128, 'A morte do capitão américa', 9.8, 14, NULL, 128),
(129, 'Flash', 8.4, 23, NULL, 129),
(130, 'Batman e Robin', 8.6, 65, NULL, 130),
(131, 'Mulher-Maravilha',8.5, 50, NULL, 131),
(132, 'Batman: first tale of the demon', 9.2, 178, NULL, 132),
(133, 'Marvels', 8.7, 7, NULL, 133),
(134, 'Planet Hulk', 7.4, 30, NULL, 134),
(135, 'Final crisis', 8.8, 41, NULL, 135);


